day,S,I,R,D,beta,gamma,mu,R0
0,999.0,1.0,0.0,0.0,0.1,0.06,0.003,1.5873015873015874
1,998.8982393352529,1.0375840039666,0.061120629314775604,0.0030560314657387807,0.1,0.06,0.003,1.5873015873015874
2,998.7926655818652,1.0765694132030588,0.12453809993507702,0.006226904996753853,0.1,0.06,0.003,1.5873015873015874
3,998.6831374699744,1.1170076163060962,0.19033801306633139,0.009516900653316571,0.1,0.06,0.003,1.5873015873015874
4,998.5695085778676,1.1589518347050913,0.25860913088329035,0.012930456544164522,0.1,0.06,0.003,1.5873015873015874
5,998.4516272064506,1.2024571638478125,0.32944345685889254,0.016472172842944627,0.1,0.06,0.003,1.5873015873015874
6,998.3293361776175,1.2475806413614348,0.4029363628773165,0.02014681814386583,0.1,0.06,0.003,1.5873015873015874
7,998.2024726907639,1.2943812949412452,0.4791866802810564,0.02395933401405282,0.1,0.06,0.003,1.5873015873015874
8,998.0708680472028,1.3429202342915785,0.5582968747675239,0.027914843738376206,0.1,0.06,0.003,1.5873015873015874
9,997.9343475141205,1.3932606959071279,0.6403731333071985,0.03201865666535993,0.1,0.06,0.003,1.5873015873015874
10,997.7927301177012,1.4454681114045964,0.7255254960898724,0.03627627480449363,0.1,0.06,0.003,1.5873015873015874
11,997.645828419809,1.4996101805071345,0.8138679996991143,0.040693399984955726,0.1,0.06,0.003,1.5873015873015874
12,997.4934483077726,1.5557569397780808,0.9055188118567454,0.04527594059283729,0.1,0.06,0.003,1.5873015873015874
13,997.3353887715028,1.6139808346951672,1.0006003750497505,0.05003001875248755,0.1,0.06,0.003,1.5873015873015874
14,997.1714416764007,1.67435679253543,1.0992395533944075,0.05496197766972039,0.1,0.06,0.003,1.5873015873015874
15,997.0013915292128,1.7369622970628098,1.2015677844995691,0.06007838922497849,0.1,0.06,0.003,1.5873015873015874
16,996.8250152347597,1.8018774653373213,1.3077212380030883,0.06538606190015445,0.1,0.06,0.003,1.5873015873015874
17,996.6420818807815,1.869185117926389,1.4178409536117236,0.07089204768058621,0.1,0.06,0.003,1.5873015873015874
18,996.4523524644983,1.9389708622570667,1.5320730221379506,0.07660365110689757,0.1,0.06,0.003,1.5873015873015874
19,996.2555796039551,2.0113231792357866,1.650568777913733,0.08252843889568669,0.1,0.06,0.003,1.5873015873015874
20,996.0515073057602,2.086333498293267,1.7734849485207405,0.08867424742603705,0.1,0.06,0.003,1.5873015873015874
21,995.8398706932243,2.164096278266153,1.9009838366760037,0.09504919183380023,0.1,0.06,0.003,1.5873015873015874
22,995.6203957467039,2.24470908496392,2.0332334936499383,0.10166167468249696,0.1,0.06,0.003,1.5873015873015874
23,995.3927989839044,2.328272687435071,2.1704079320578185,0.10852039660289096,0.1,0.06,0.003,1.5873015873015874
24,995.1567871919989,2.4148911349015143,2.312687307714126,0.11563436538570636,0.1,0.06,0.003,1.5873015873015874
25,994.9120571438318,2.50467183770291,2.460258112824354,0.12301290564121775,0.1,0.06,0.003,1.5873015873015874
26,994.6582952779369,2.597725662070201,2.6133133904696515,0.13066566952348263,0.1,0.06,0.003,1.5873015873015874
27,994.3951774006614,2.6941670106128885,2.772052941643679,0.138602647082184,0.1,0.06,0.003,1.5873015873015874
28,994.1223683753553,2.7941139066402707,2.936683540956684,0.14683417704783427,0.1,0.06,0.003,1.5873015873015874
29,993.8395218018728,2.897688086019179,3.107419154388768,0.15537095771943848,0.1,0.06,0.003,1.5873015873015874
30,993.5462796993711,3.0050150769187347,3.2844811654384434,0.16422405827192224,0.1,0.06,0.003,1.5873015873015874
31,993.2422721814145,3.116224282782584,3.4680986055268392,0.17340493027634202,0.1,0.06,0.003,1.5873015873015874
32,992.9271171173039,3.2314490745448774,3.658508388715791,0.18292541943578963,0.1,0.06,0.003,1.5873015873015874
33,992.6004198051648,3.3508268653351667,3.8559555519050717,0.19279777759525366,0.1,0.06,0.003,1.5873015873015874
34,992.261772634771,3.4744991901746918,4.060693500051964,0.20303467500259825,0.1,0.06,0.003,1.5873015873015874
35,991.910754734628,3.60261179557417,4.272984256950632,0.21364921284753172,0.1,0.06,0.003,1.5873015873015874
36,991.5469316427985,3.735314703530776,4.493098717781868,0.2246549358890935,0.1,0.06,0.003,1.5873015873015874
37,991.1698549585708,3.872762287273381,4.721316908720076,0.2360658454360039,0.1,0.06,0.003,1.5873015873015874
38,990.7790619749015,4.015113358421091,4.957928253978659,0.24789641269893306,0.1,0.06,0.003,1.5873015873015874
39,990.3740753391853,4.162531226886068,5.203231841837004,0.26016159209185025,0.1,0.06,0.003,1.5873015873015874
40,989.9544027464252,4.315183731892961,5.457536687316261,0.2728768343658131,0.1,0.06,0.003,1.5873015873015874
41,989.5195365352815,4.47324334350865,5.721162020200147,0.2860581010100074,0.1,0.06,0.003,1.5873015873015874
42,989.0689533446201,4.636887213429794,5.99443756376214,0.2997218781881071,0.1,0.06,0.003,1.5873015873015874
43,988.6021138243074,4.806297184718902,6.2777038009275286,0.3138851900463765,0.1,0.06,0.003,1.5873015873015874
44,988.1184622668146,4.981659852537748,6.571312267283585,0.32856561336417933,0.1,0.06,0.003,1.5873015873015874
45,987.6174262375451,5.16316662166643,6.87562584837006,0.3437812924185031,0.1,0.06,0.003,1.5873015873015874
46,987.0984162803696,5.351013709081329,7.191019057665838,0.359550952883292,0.1,0.06,0.003,1.5873015873015874
47,986.5608256575542,5.545402120261169,7.517878306842631,0.3758939153421316,0.1,0.06,0.003,1.5873015873015874
48,986.0040299330063,5.746537724587839,7.856602230862789,0.3928301115431395,0.1,0.06,0.003,1.5873015873015874
49,985.4273866904903,5.954631238130111,8.207601972742642,0.4103800986371322,0.1,0.06,0.003,1.5873015873015874
50,984.8302353559418,6.169898138936446,8.571301433449422,0.42856507167247126,0.1,0.06,0.003,1.5873015873015874
51,984.2118968301016,6.392558695461668,8.948137594701777,0.4474068797350889,0.1,0.06,0.003,1.5873015873015874
52,983.5716731973201,6.622837943665225,9.338560818109373,0.4669280409054688,0.1,0.06,0.003,1.5873015873015874
53,982.9088475691912,6.86096557914438,9.743035096823373,0.4871517548411689,0.1,0.06,0.003,1.5873015873015874
54,982.2226839192423,7.107175850607706,10.162038314428704,0.5081019157214355,0.1,0.06,0.003,1.5873015873015874
55,981.5124267296037,7.36170756007952,10.596062581254138,0.5298031290627071,0.1,0.06,0.003,1.5873015873015874
56,980.7773008707087,7.624803921775913,11.04561448334806,0.5522807241674035,0.1,0.06,0.003,1.5873015873015874
57,980.016511640662,7.896712327514888,11.51121526840308,0.5755607634201543,0.1,0.06,0.003,1.5873015873015874
58,979.2292444546592,8.177684304797607,11.993401181469762,0.5996700590734885,0.1,0.06,0.003,1.5873015873015874
59,978.4146647548869,8.467975345757647,12.492723713671946,0.6246361856835977,0.1,0.06,0.003,1.5873015873015874
60,977.5719181452592,8.767844609699203,13.009749757182426,0.6504874878591216,0.1,0.06,0.003,1.5873015873015874
61,976.7001303675396,9.077554706324088,13.545061834415577,0.6772530917207792,0.1,0.06,0.003,1.5873015873015874
62,975.7984071698612,9.397371531704438,14.099258379461347,0.7049629189730676,0.1,0.06,0.003,1.5873015873015874
63,974.8658344931201,9.727563929759398,14.672953882971969,0.7336476941485988,0.1,0.06,0.003,1.5873015873015874
64,973.9014788577678,10.068403246474508,15.266778948340733,0.763338947417037,0.1,0.06,0.003,1.5873015873015874
65,972.9043872283487,10.42016314634701,15.881380595528006,0.7940690297764006,0.1,0.06,0.003,1.5873015873015874
66,971.8735873036909,10.783119204574382,16.51742237308074,0.8258711186540375,0.1,0.06,0.003,1.5873015873015874
67,970.8080881309919,11.157548336537495,17.175584316638805,0.8587792158319407,0.1,0.06,0.003,1.5873015873015874
68,969.7068803228271,11.543728413506695,17.85656310825362,0.8928281554126815,0.1,0.06,0.003,1.5873015873015874
69,968.5689363632799,11.941937828007566,18.561072198773882,0.9280536099386945,0.1,0.06,0.003,1.5873015873015874
70,967.3932113134407,12.35245486379208,19.2898417359689,0.9644920867984451,0.1,0.06,0.003,1.5873015873015874
71,966.1786436723361,12.775556988750319,20.0436184180131,1.0021809209006551,0.1,0.06,0.003,1.5873015873015874
72,964.9241556397764,13.211520410652444,20.823165666258408,1.0411582833129207,0.1,0.06,0.003,1.5873015873015874
73,963.6286540086729,13.66061934007751,21.629263477380718,1.0814631738690361,0.1,0.06,0.003,1.5873015873015874
74,962.29103145303,14.123125083008391,22.462708060916018,1.1231354030458012,0.1,0.06,0.003,1.5873015873015874
75,960.9101671649075,14.599305392422004,23.324311850162502,1.1662155925081255,0.1,0.06,0.003,1.5873015873015874
76,959.4849278602934,15.08942365575539,24.21490331804891,1.210745165902446,0.1,0.06,0.003,1.5873015873015874
77,958.0141692523534,15.593737893323892,25.135326527926534,1.2567663263963267,0.1,0.06,0.003,1.5873015873015874
78,956.4967374882747,16.11249975765392,26.086440718163427,1.3043220359081715,0.1,0.06,0.003,1.5873015873015874
79,954.9314701590077,16.645953672458198,27.06912016050884,1.3534560080254423,0.1,0.06,0.003,1.5873015873015874
80,953.3171980076303,17.19433570927681,28.084253602945807,1.4042126801472907,0.1,0.06,0.003,1.5873015873015874
81,951.6527470285126,17.757872340472552,29.132743458109502,1.4566371729054752,0.1,0.06,0.003,1.5873015873015874
82,949.9369398166582,18.336779385197733,30.215505522042136,1.510775276102107,0.1,0.06,0.003,1.5873015873015874
83,948.1685975217633,18.931260759713798,31.333468303355367,1.5666734151677684,0.1,0.06,0.003,1.5873015873015874
84,946.3465422530707,19.541507121826488,32.48757202390766,1.6243786011953831,0.1,0.06,0.003,1.5873015873015874
85,944.4695992343952,20.167694524014237,33.678767849134054,1.6839383924567028,0.1,0.06,0.003,1.5873015873015874
86,942.5365989154004,20.809983037411218,34.908017187798606,1.7454008593899306,0.1,0.06,0.003,1.5873015873015874
87,940.546379625434,21.46851527790945,36.17629056824456,1.8088145284122283,0.1,0.06,0.003,1.5873015873015874
88,938.4977904863199,22.143414915981584,37.48456628352272,1.8742283141761362,0.1,0.06,0.003,1.5873015873015874
89,936.3896938612357,22.834785071328916,38.83382958803392,1.9416914794016964,0.1,0.06,0.003,1.5873015873015874
90,934.2209683631852,23.542706701094406,40.225071367353024,2.0112535683676516,0.1,0.06,0.003,1.5873015873015874
91,931.9905120856891,24.267237099878027,41.65928648993637,2.0829643244968192,0.1,0.06,0.003,1.5873015873015874
92,929.6972457480516,25.00840811726392,43.13747250922355,2.156873625461178,0.1,0.06,0.003,1.5873015873015874
93,927.3401160198406,25.766224366677648,44.66062820331622,2.2330314101658115,0.1,0.06,0.003,1.5873015873015874
94,924.9180990160743,26.540661631236873,46.2297517644659,2.3114875882232955,0.1,0.06,0.003,1.5873015873015874
95,922.4302038787796,27.331665307842464,47.845838869884076,2.3922919434942043,0.1,0.06,0.003,1.5873015873015874
96,919.875476622094,28.1391482523625,49.50988107194654,2.475494053597327,0.1,0.06,0.003,1.5873015873015874
97,917.2530039796762,28.96298909975019,51.22286373387986,2.561143186693993,0.1,0.06,0.003,1.5873015873015874
98,914.5619170560537,29.803030960876853,52.98576379339972,2.6492881896699862,0.1,0.06,0.003,1.5873015873015874
99,911.8013955832812,30.659079394999015,54.79954763973339,2.7399773819866695,0.1,0.06,0.003,1.5873015873015874
100,908.9706720602169,31.53090067684371,56.66516882184725,2.833258441092363,0.1,0.06,0.003,1.5873015873015874
101,906.0690356532382,32.41822035813673,58.58356570345273,2.9291782851726365,0.1,0.06,0.003,1.5873015873015874
102,903.0958367315305,33.32072142061162,60.55565890272204,3.027782945136102,0.1,0.06,0.003,1.5873015873015874
103,900.050491030185,34.23804282683776,62.58234870759765,3.1291174353798827,0.1,0.06,0.003,1.5873015873015874
104,896.9324834737739,35.16977850278368,64.66451240327866,3.2332256201639336,0.1,0.06,0.003,1.5873015873015874
105,893.7413730529503,36.115475416692895,66.80300145748296,3.340150072874148,0.1,0.06,0.003,1.5873015873015874
106,890.4767967215297,37.07463260799324,68.99863873378798,3.4499319366893997,0.1,0.06,0.003,1.5873015873015874
107,887.1384732131419,38.046700335687234,71.25221566778207,3.5626107833891036,0.1,0.06,0.003,1.5873015873015874
108,883.7262078870303,39.03107856334475,73.56448909488111,3.678224454744055,0.1,0.06,0.003,1.5873015873015874
109,880.2398961062802,40.027116585899556,75.93617838840055,3.7968089194200267,0.1,0.06,0.003,1.5873015873015874
110,876.6795270545655,41.03411243089946,78.36796239479557,3.9183981197397784,0.1,0.06,0.003,1.5873015873015874
111,873.0451881531974,42.05131192171067,80.86047611913544,4.043023805956772,0.1,0.06,0.003,1.5873015873015874
112,869.3370676946748,43.07790900118163,83.41430790870842,4.170715395435421,0.1,0.06,0.003,1.5873015873015874
113,865.5554585175091,44.11304548383464,86.02999618919674,4.301499809459837,0.1,0.06,0.003,1.5873015873015874
114,861.7007616315354,45.155810925659004,88.70802613600553,4.4354013068002764,0.1,0.06,0.003,1.5873015873015874
115,857.7734879624256,46.20524367890731,91.4488270082546,4.57244135041273,0.1,0.06,0.003,1.5873015873015874
116,853.7742616751125,47.260331151066694,94.25276873697243,4.712638436848621,0.1,0.06,0.003,1.5873015873015874
117,849.7038226117011,48.32001064310222,97.12015880494954,4.856007940247478,0.1,0.06,0.003,1.5873015873015874
118,845.5630271075221,49.38317109691507,100.05123980529814,5.002561990264907,0.1,0.06,0.003,1.5873015873015874
119,841.3528504680288,50.44865415261636,103.04618607557632,5.152309303778816,0.1,0.06,0.003,1.5873015873015874
120,837.0743880857117,51.51525596170291,106.10510090722441,5.305255045361221,0.1,0.06,0.003,1.5873015873015874
121,832.7288556357167,52.58172940407045,109.22801424782195,5.461400712391098,0.1,0.06,0.003,1.5873015873015874
122,828.3175895066161,53.646786488480345,112.41488000467038,5.62074400023352,0.1,0.06,0.003,1.5873015873015874
123,823.8420464967448,54.709101142715205,115.66557367670487,5.783278683835245,0.1,0.06,0.003,1.5873015873015874
124,819.3038038483642,55.76731164622106,118.9798900051571,5.948994500257856,0.1,0.06,0.003,1.5873015873015874
125,814.7045578461855,56.82002407641906,122.35754102609114,6.117877051304558,0.1,0.06,0.003,1.5873015873015874
126,810.0461216725431,57.8658162195581,125.79815438847524,6.2899077194237645,0.1,0.06,0.003,1.5873015873015874
127,805.3304239847519,58.903240846347074,129.30127158942972,6.4650635794714875,0.1,0.06,0.003,1.5873015873015874
128,800.5595064999761,59.93082961091666,132.86634656105466,6.643317328052735,0.1,0.06,0.003,1.5873015873015874
129,795.7355202251666,60.947097836894784,136.49274470279883,6.824637235139943,0.1,0.06,0.003,1.5873015873015874
130,790.8607223005531,61.95054866526679,140.17974193731445,7.008987096865725,0.1,0.06,0.003,1.5873015873015874
131,785.9374723298398,62.9396774016043,143.92652406529146,7.196326203264575,0.1,0.06,0.003,1.5873015873015874
132,780.9682272322738,63.912976870970446,147.73218656833893,7.38660932841695,0.1,0.06,0.003,1.5873015873015874
133,775.9555365222437,64.86894219414918,151.59573455581634,7.579786727790819,0.1,0.06,0.003,1.5873015873015874
134,770.9020374450304,65.80607547960474,155.516082928919,7.775804146445951,0.1,0.06,0.003,1.5873015873015874
135,765.8104485150611,66.72289147984593,159.49205714770767,7.974602857385384,0.1,0.06,0.003,1.5873015873015874
136,760.6835634546997,67.61792272458472,163.52239411496734,8.176119705748366,0.1,0.06,0.003,1.5873015873015874
137,755.5242452966021,68.48972435364149,167.60574319024434,8.380287159512218,0.1,0.06,0.003,1.5873015873015874
138,750.3354189282858,69.33687973255897,171.7406679420527,8.587033397102635,0.1,0.06,0.003,1.5873015873015874
139,745.1200639431677,70.15800564023449,175.9256480158076,8.796282400790382,0.1,0.06,0.003,1.5873015873015874
140,739.8812078828836,70.9517570553283,180.15908101122687,9.007954050561345,0.1,0.06,0.003,1.5873015873015874
141,734.621918250639,71.71683234618924,184.439285145878,9.2219642572939,0.1,0.06,0.003,1.5873015873015874
142,729.34529461118,72.45197817933565,188.76450210427097,9.438225105213549,0.1,0.06,0.003,1.5873015873015874
143,724.0544612098241,73.1559940149813,193.13289978589975,9.656644989294987,0.1,0.06,0.003,1.5873015873015874
144,718.7525588985329,73.82773659253316,197.5425757227943,9.877128786139716,0.1,0.06,0.003,1.5873015873015874
145,713.4427369171513,74.46612419667095,201.99156084397902,10.099578042198953,0.1,0.06,0.003,1.5873015873015874
146,708.1281452322875,75.07014057400302,206.47782304162828,10.323891152081416,0.1,0.06,0.003,1.5873015873015874
147,702.8119267101192,75.63883856635728,210.99927116526064,10.549963558263032,0.1,0.06,0.003,1.5873015873015874
148,697.4972090729948,76.17134338423277,215.55375956454535,10.777687978227268,0.1,0.06,0.003,1.5873015873015874
149,692.1870973784465,76.66685565252374,220.13909235145704,11.006954617572854,0.1,0.06,0.003,1.5873015873015874
150,686.8846666400628,77.12465415137072,224.75302781768244,11.237651390884123,0.1,0.06,0.003,1.5873015873015874
151,681.5929544738055,77.5440978141994,229.39328353523354,11.469664176761677,0.1,0.06,0.003,1.5873015873015874
152,676.3149541383865,77.9246276891728,234.05754111661037,11.702877055830518,0.1,0.06,0.003,1.5873015873015874
153,671.0536077563536,78.26576873269974,238.7434509628065,11.937172548140325,0.1,0.06,0.003,1.5873015873015874
154,665.811800064153,78.5671304447637,243.44863761055566,12.172431880527784,0.1,0.06,0.003,1.5873015873015874
155,660.592352363997,78.82840761007591,248.17070478659738,12.408535239329868,0.1,0.06,0.003,1.5873015873015874
156,655.3980165624242,79.04938105834258,252.90724036117456,12.645362018058727,0.1,0.06,0.003,1.5873015873015874
157,650.2314702052238,79.22991705127457,257.65582166047784,12.882791083023893,0.1,0.06,0.003,1.5873015873015874
158,645.0953116348608,79.3699667509976,262.41402058489683,13.120701029244843,0.1,0.06,0.003,1.5873015873015874
159,639.9920550869689,79.46956588159583,267.1794086013671,13.358970430068354,0.1,0.06,0.003,1.5873015873015874
160,634.9241270007022,79.52883309751525,271.94956181122154,13.597478090561077,0.1,0.06,0.003,1.5873015873015874
161,629.8938625819059,79.547968233252,276.72206589032584,13.836103294516292,0.1,0.06,0.003,1.5873015873015874
162,624.9035021605094,79.5272508700562,281.4945209232709,14.074726046163544,0.1,0.06,0.003,1.5873015873015874
163,619.9551886639795,79.46703793819115,286.26454609317085,14.313227304658543,0.1,0.06,0.003,1.5873015873015874
164,615.0509656620058,79.36776091348507,291.02978421381835,14.551489210690917,0.1,0.06,0.003,1.5873015873015874
165,610.1927750972295,79.22992339222682,295.7879062005179,14.789395310025895,0.1,0.06,0.003,1.5873015873015874
166,605.3824557889191,79.05409813667485,300.53661530895823,15.026830765447912,0.1,0.06,0.003,1.5873015873015874
167,600.6217429047509,78.84092347655749,305.27365106542067,15.263682553271034,0.1,0.06,0.003,1.5873015873015874
168,595.9122670451861,78.59110010169452,309.9967931934471,15.499839659672356,0.1,0.06,0.003,1.5873015873015874
169,591.2555536997592,78.30538767817107,314.7038653543523,15.735193267717616,0.1,0.06,0.003,1.5873015873015874
170,586.653023957003,77.98460078398016,319.39273834192085,15.969636917096045,0.1,0.06,0.003,1.5873015873015874
171,582.1059947882158,77.62960519697626,324.06133334743623,16.20306666737181,0.1,0.06,0.003,1.5873015873015874
172,577.6156794775669,77.24131414741271,328.70762511906713,16.43538125595336,0.1,0.06,0.003,1.5873015873015874
173,573.1831892332491,76.8206841467781,333.3296443999742,16.666482219998713,0.1,0.06,0.003,1.5873015873015874
174,568.8095345032673,76.36871102284472,337.9254804513219,16.896274022566093,0.1,0.06,0.003,1.5873015873015874
175,564.4956263261034,75.88642594917437,342.49328354735445,17.124664177367723,0.1,0.06,0.003,1.5873015873015874
176,560.2422785549181,75.37489140396505,347.03126670582554,17.351563335291278,0.1,0.06,0.003,1.5873015873015874
177,556.050209988335,74.83519720628179,351.5377074336982,17.57688537168491,0.1,0.06,0.003,1.5873015873015874
178,551.9200465048099,74.26845651641223,356.0109495035979,17.800547475179897,0.1,0.06,0.003,1.5873015873015874
179,547.8523237007922,73.67580204572283,360.44940405093797,18.0224702025469,0.1,0.06,0.003,1.5873015873015874
180,543.8474895898461,73.05838232269825,364.8515505594816,18.24257752797408,0.1,0.06,0.003,1.5873015873015874
181,539.9059073094404,72.41735781708392,369.2159379747387,18.460796898736938,0.1,0.06,0.003,1.5873015873015874
182,536.0278580764871,71.7538975244385,373.54118514197563,18.677059257098783,0.1,0.06,0.003,1.5873015873015874
183,532.2135442287437,71.06917569051801,377.8259810292745,18.891299051463726,0.1,0.06,0.003,1.5873015873015874
184,528.4630922893798,70.36436852456612,382.06908493909907,19.103454246954957,0.1,0.06,0.003,1.5873015873015874
185,524.7765560702941,69.64065038384177,386.2693271865372,19.313466359326867,0.1,0.06,0.003,1.5873015873015874
186,521.1539198511907,68.89919136439207,390.42560836611153,19.521280418305583,0.1,0.06,0.003,1.5873015873015874
187,517.5951015463205,68.14115460817557,394.53689890047986,19.726844945023995,0.1,0.06,0.003,1.5873015873015874
188,514.0999559108864,67.36769353145567,398.60223862634086,19.930111931317047,0.1,0.06,0.003,1.5873015873015874
189,510.6682780660497,66.57994858371212,402.62073652403626,20.131036826201818,0.1,0.06,0.003,1.5873015873015874
190,507.2998063257662,65.77904573688546,406.5915694641412,20.329578473207064,0.1,0.06,0.003,1.5873015873015874
191,503.9942253468257,64.96609431560042,410.5139812738798,20.525699063693995,0.1,0.06,0.003,1.5873015873015874
192,500.7511693357649,64.1421848404197,414.38728173696694,20.71936408684835,0.1,0.06,0.003,1.5873015873015874
193,497.5702255211496,63.30838651760375,418.2108456773777,20.91054228386889,0.1,0.06,0.003,1.5873015873015874
194,494.45093661234296,62.4657465090331,421.98411131297513,21.099205565648763,0.1,0.06,0.003,1.5873015873015874
195,491.3928038120475,61.6152882990966,425.7065789417675,21.28532894708838,0.1,0.06,0.003,1.5873015873015874
196,488.3952898770785,60.75801013561915,429.37780951171646,21.468890475585827,0.1,0.06,0.003,1.5873015873015874
197,485.45782227188243,59.89488343117953,432.9974231399409,21.649871156997047,0.1,0.06,0.003,1.5873015873015874
198,482.57979525586705,59.02685248585576,436.5650973888354,21.82825486944177,0.1,0.06,0.003,1.5873015873015874
199,479.76057264567606,58.1548334393869,440.08056563327335,22.00402828166367,0.1,0.06,0.003,1.5873015873015874
200,476.99949064359123,57.27971325881548,443.54361533104117,22.177180766552063,0.1,0.06,0.003,1.5873015873015874
201,474.29586042653233,56.402349000330034,446.954086260131,22.347704313006552,0.1,0.06,0.003,1.5873015873015874
202,471.64897001590174,55.52356779373871,450.3118687527233,22.515593437636166,0.1,0.06,0.003,1.5873015873015874
203,469.0580866655453,54.64416635440609,453.6169018857605,22.680845094288028,0.1,0.06,0.003,1.5873015873015874
204,466.52245938066056,53.764910488034616,456.86917155362363,22.843458577681183,0.1,0.06,0.003,1.5873015873015874
205,464.0413209005422,52.8865350185043,460.06870864852715,23.003435432426357,0.1,0.06,0.003,1.5873015873015874
206,461.6138894026423,52.00974394469048,463.2155872882544,23.160779364412726,0.1,0.06,0.003,1.5873015873015874
207,459.23937047469434,51.13521042744427,466.3099229503441,23.315496147517205,0.1,0.06,0.003,1.5873015873015874
208,456.91695924685047,50.26357676686076,469.35187046313206,23.467593523156605,0.1,0.06,0.003,1.5873015873015874
209,454.6458418759702,49.39545472925229,472.34162228074047,23.617081114037024,0.1,0.06,0.003,1.5873015873015874
210,452.42519704397625,48.531425892921575,475.2794067267639,23.763970336338197,0.1,0.06,0.003,1.5873015873015874
211,450.2541975418476,47.67204197995596,478.1654861697108,23.90827430848554,0.1,0.06,0.003,1.5873015873015874
212,448.13201197588484,46.81782522767835,481.00015504422544,24.050007752211272,0.1,0.06,0.003,1.5873015873015874
213,446.05780588097394,45.969268913359336,483.78373829111104,24.189186914555552,0.1,0.06,0.003,1.5873015873015874
214,444.0307429769278,45.12683788049304,486.5165896595991,24.325829482979955,0.1,0.06,0.003,1.5873015873015874
215,442.04998640658624,44.29096910828124,489.1990899858404,24.45995449929202,0.1,0.06,0.003,1.5873015873015874
216,440.1147000289661,43.46207235955163,491.83164534426874,24.59158226721344,0.1,0.06,0.003,1.5873015873015874
217,438.224049266758,42.640530783598315,494.41468566632716,24.72073428331636,0.1,0.06,0.003,1.5873015873015874
218,436.37720210364665,41.826701589740914,496.9486631491546,24.847433157457733,0.1,0.06,0.003,1.5873015873015874
219,434.57333002250584,41.02091676940815,499.4340506743675,24.97170253371838,0.1,0.06,0.003,1.5873015873015874
220,432.81160893239564,40.22348389483949,501.87134016453786,25.093567008226895,0.1,0.06,0.003,1.5873015873015874
221,431.0912198237929,39.434686744403386,504.2610413636225,25.213052068181128,0.1,0.06,0.003,1.5873015873015874
222,429.41134951348016,38.65478607032525,506.6036803963757,25.330184019818788,0.1,0.06,0.003,1.5873015873015874
223,427.77119132588575,37.88402040991721,508.89979834685425,25.444989917342713,0.1,0.06,0.003,1.5873015873015874
224,426.16994572498135,37.12260691885246,511.14994986301537,25.55749749315077,0.1,0.06,0.003,1.5873015873015874
225,424.60682081576977,36.370742007007756,513.3547020735451,25.667735103677256,0.1,0.06,0.003,1.5873015873015874
226,423.0810328644903,35.62860213907646,515.5146333299364,25.775731666496817,0.1,0.06,0.003,1.5873015873015874
227,421.5918067610104,34.89634468743678,517.6303319538598,25.88151659769299,0.1,0.06,0.003,1.5873015873015874
228,420.13837643236263,34.174108710151835,519.7023951023672,25.985119755118355,0.1,0.06,0.003,1.5873015873015874
229,418.7199852071553,33.46201560340525,521.7314277994661,26.086571389973304,0.1,0.06,0.003,1.5873015873015874
230,417.3358861506616,32.76016988056401,523.7180418750232,26.185902093751157,0.1,0.06,0.003,1.5873015873015874
231,415.9853423438876,32.068660018640074,525.6628548928308,26.283142744641534,0.1,0.06,0.003,1.5873015873015874
232,414.66762714744414,31.387559146755557,527.5664892436193,26.378324462180963,0.1,0.06,0.003,1.5873015873015874
233,413.3820244360763,30.71692569935189,529.4295712995922,26.471478564979606,0.1,0.06,0.003,1.5873015873015874
234,412.127828789935,30.0568041443966,531.2527305387318,26.56263652693659,0.1,0.06,0.003,1.5873015873015874
235,410.9043456229906,29.407225795213304,533.0365986493297,26.65182993246648,0.1,0.06,0.003,1.5873015873015874
236,409.7108913504048,28.768209380830555,534.7818088273949,26.739090441369743,0.1,0.06,0.003,1.5873015873015874
237,408.54679350729305,28.13976168051211,536.4889950592332,26.82444975296166,0.1,0.06,0.003,1.5873015873015874
238,407.4113908348523,27.521878173979605,538.1587914201601,26.907939571008004,0.1,0.06,0.003,1.5873015873015874
239,406.30403333313984,26.914543695692416,539.7918314011123,26.98959157005561,0.1,0.06,0.003,1.5873015873015874
240,405.22408225640993,26.317733162747448,541.3887472198502,27.069437360992506,0.1,0.06,0.003,1.5873015873015874
241,404.17091020515164,25.73141200694367,542.9501693218141,27.147508466090702,0.1,0.06,0.003,1.5873015873015874
242,403.14390111121514,25.155536809883024,544.4767257894304,27.223836289471517,0.1,0.06,0.003,1.5873015873015874
243,402.1424502245551,24.590055881860977,545.9690418034135,27.298452090170663,0.1,0.06,0.003,1.5873015873015874
244,401.1659640867225,24.034909670726528,547.42773927862,27.371386963930995,0.1,0.06,0.003,1.5873015873015874
245,400.2138604892817,23.490031304811932,548.8534363865776,27.442671819328872,0.1,0.06,0.003,1.5873015873015874
246,399.28556841816874,22.95534720691427,550.2467470237306,27.512337351186524,0.1,0.06,0.003,1.5873015873015874
247,398.38052798528844,22.430777534011536,551.6082804578097,27.580414022890476,0.1,0.06,0.003,1.5873015873015874
248,397.4981903520783,21.916236638092315,552.9386409617423,27.646932048087113,0.1,0.06,0.003,1.5873015873015874
249,396.63801767565553,21.411633335787247,554.2384276081499,27.711921380407485,0.1,0.06,0.003,1.5873015873015874
250,395.7994829806816,20.916871510562306,555.508233817863,27.775411690893147,0.1,0.06,0.003,1.5873015873015874
251,394.98207005805835,20.43185051147343,556.7486470766365,27.83743235383182,0.1,0.06,0.003,1.5873015873015874
252,394.18527335658933,19.95646553459667,557.960248675061,27.898012433753046,0.1,0.06,0.003,1.5873015873015874
253,393.4085978711878,19.490607946666827,559.1436135068053,27.95718067534026,0.1,0.06,0.003,1.5873015873015874
254,392.6515590289352,19.034165558509475,560.2993099167195,28.014965495835973,0.1,0.06,0.003,1.5873015873015874
255,391.91368254278626,18.587023112857626,561.4278993755775,28.071394968778865,0.1,0.06,0.003,1.5873015873015874
256,391.19450428389223,18.149062554006267,562.5299363448587,28.12649681724293,0.1,0.06,0.003,1.5873015873015874
257,390.4935701431811,17.720163335792126,563.6059681152637,28.180298405763185,0.1,0.06,0.003,1.5873015873015874
258,389.81043589423933,17.300202673281248,564.6565346975996,28.232826734879975,0.1,0.06,0.003,1.5873015873015874
259,389.14466704468254,16.889055840143907,565.6821686811178,28.284108434055888,0.1,0.06,0.003,1.5873015873015874
260,388.4958386848574,16.486596446075204,566.6833951133976,28.33416975566988,0.1,0.06,0.003,1.5873015873015874
261,387.8635353365757,16.092696675655894,567.6607314169224,28.38303657084612,0.1,0.06,0.003,1.5873015873015874
262,387.24735080431736,15.707227520760561,568.6146873094498,28.430734365472482,0.1,0.06,0.003,1.5873015873015874
263,386.6468880511122,15.330058981887735,569.5457647304763,28.477288236523815,0.1,0.06,0.003,1.5873015873015874
264,386.0617590106124,14.961060302302764,570.4544577972238,28.522722889861186,0.1,0.06,0.003,1.5873015873015874
265,385.49158443993224,14.60010016132269,571.3412527607097,28.567062638035484,0.1,0.06,0.003,1.5873015873015874
266,384.9359937664797,14.247046860912379,572.2066279739124,28.610331398695617,0.1,0.06,0.003,1.5873015873015874
267,384.3946249323882,13.901768487104153,573.0510538861979,28.652552694309893,0.1,0.06,0.003,1.5873015873015874
268,383.8671242384956,13.564133067564438,573.8749930418477,28.693749652092382,0.1,0.06,0.003,1.5873015873015874
269,383.3531461875696,13.234008747197938,574.6789000621262,28.73394500310631,0.1,0.06,0.003,1.5873015873015874
270,382.8523533279744,12.911263923387578,575.4632216653696,28.77316108326848,0.1,0.06,0.003,1.5873015873015874
271,382.3644160983863,12.595767380887683,576.2283966864057,28.81141983432029,0.1,0.06,0.003,1.5873015873015874
272,381.88901269096664,12.287388407223066,576.9748560969622,28.848742804848115,0.1,0.06,0.003,1.5873015873015874
273,381.42582888581984,11.985996917758463,577.7030230442111,28.88515115221056,0.1,0.06,0.003,1.5873015873015874
274,380.97455789697216,11.691463565921486,578.4133128924823,28.92066564462412,0.1,0.06,0.003,1.5873015873015874
275,380.53490022523704,11.403659843019419,579.1061332683272,28.955306663416366,0.1,0.06,0.003,1.5873015873015874
276,380.1065635115075,11.122458167128741,579.7818841155845,28.98909420577923,0.1,0.06,0.003,1.5873015873015874
277,379.6892623946966,10.847731958094219,580.4409577592468,29.022047887962344,0.1,0.06,0.003,1.5873015873015874
278,379.2827183550699,10.579355739016002,581.0837389580133,29.054186947900675,0.1,0.06,0.003,1.5873015873015874
279,378.8866595723538,10.317205203582857,581.7106049752983,29.085530248764925,0.1,0.06,0.003,1.5873015873015874
280,378.5008207817621,10.061157284648155,582.3219256510378,29.116096282551894,0.1,0.06,0.003,1.5873015873015874
281,378.1249431307896,9.811090218519237,582.9180634768487,29.14590317384244,0.1,0.06,0.003,1.5873015873015874
282,377.75877406476144,9.566883568041822,583.4993736830444,29.17496868415223,0.1,0.06,0.003,1.5873015873015874
283,377.40206718983615,9.328418272880885,584.0662043212218,29.203310216061094,0.1,0.06,0.003,1.5873015873015874
284,377.054582103449,9.095576740673925,584.6188963389305,29.230944816946533,0.1,0.06,0.003,1.5873015873015874
285,376.71608427663307,8.868242867568414,585.157783672189,29.257889183609457,0.1,0.06,0.003,1.5873015873015874
286,376.3863449212694,8.64630207727589,585.6831933347187,29.28415966673594,0.1,0.06,0.003,1.5873015873015874
287,376.06514086024066,8.42964135512957,586.1954455091711,29.309772275458563,0.1,0.06,0.003,1.5873015873015874
288,375.75225443183143,8.218149233553232,586.6948536520144,29.334742682600734,0.1,0.06,0.003,1.5873015873015874
289,375.4474733456345,8.011715845512295,587.1817245798601,29.359086228993014,0.1,0.06,0.003,1.5873015873015874
290,375.1505905546835,7.810232955495463,587.6563585617342,29.38281792808672,0.1,0.06,0.003,1.5873015873015874
291,374.86140414544224,7.613593966149628,588.1190494175314,29.40595247087658,0.1,0.06,0.003,1.5873015873015874
292,374.57971721876413,7.421693933053579,588.5700846173164,29.428504230865826,0.1,0.06,0.003,1.5873015873015874
293,374.3053377440039,7.234429581511653,589.0097454042708,29.450487270213547,0.1,0.06,0.003,1.5873015873015874
294,374.0380784784422,7.0516993114478135,589.4383068667713,29.471915343338573,0.1,0.06,0.003,1.5873015873015874
295,373.77775685136805,6.873403206218658,589.8560380403935,29.492801902019682,0.1,0.06,0.003,1.5873015873015874
296,373.52419485106594,6.699443039740964,590.2632020087552,29.51316010043777,0.1,0.06,0.003,1.5873015873015874
297,373.27721891859045,6.529722268894684,590.6600560119189,29.53300280059595,0.1,0.06,0.003,1.5873015873015874
298,373.0366598454718,6.364146002086423,591.046851573754,29.552342578687707,0.1,0.06,0.003,1.5873015873015874
299,372.80235266784064,6.202621042257832,591.423834561811,29.571191728090554,0.1,0.06,0.003,1.5873015873015874
300,372.5741365674855,6.045055867911076,591.7912452996222,29.58956226498112,0.1,0.06,0.003,1.5873015873015874
301,372.35185477424756,5.891360625478407,592.1493186669276,29.607465933346386,0.1,0.06,0.003,1.5873015873015874
302,372.13535446440216,5.741447119521172,592.4982842057873,29.62491421028937,0.1,0.06,0.003,1.5873015873015874
303,371.9244866631014,5.595228802536167,592.8383662232023,29.64191831116012,0.1,0.06,0.003,1.5873015873015874
304,371.71910616167077,5.452620768795289,593.1697838757466,29.658489193787336,0.1,0.06,0.003,1.5873015873015874
305,371.51907142311876,5.31353974193769,593.4927512713748,29.674637563568744,0.1,0.06,0.003,1.5873015873015874
306,371.32424449376737,5.177904063299673,593.8074775646979,29.690373878234908,0.1,0.06,0.003,1.5873015873015874
307,371.13449091335104,5.045633663226491,594.1141670699261,29.705708353496313,0.1,0.06,0.003,1.5873015873015874
308,370.94967963177555,4.916650053227865,594.4130193476158,29.720650967380795,0.1,0.06,0.003,1.5873015873015874
309,370.7696829280388,4.790876318551115,594.704229288962,29.735211464448106,0.1,0.06,0.003,1.5873015873015874
310,370.59437632822494,4.668237097210552,594.9879872138708,29.749399360693552,0.1,0.06,0.003,1.5873015873015874
311,370.42363852605183,4.54865856258236,595.2644789632055,29.763223948160288,0.1,0.06,0.003,1.5873015873015874
312,370.2573513001477,4.432068392958415,595.5338860065656,29.77669430032829,0.1,0.06,0.003,1.5873015873015874
313,370.0953994426364,4.318395764486702,595.7963855170257,29.78981927585129,0.1,0.06,0.003,1.5873015873015874
314,369.93767068486466,4.207571332445133,596.052150459705,29.80260752298526,0.1,0.06,0.003,1.5873015873015874
315,369.7840556239067,4.099527210060234,596.3013496819362,29.815067484096822,0.1,0.06,0.003,1.5873015873015874
316,369.63444765194635,3.994196947449524,596.5441480005753,29.82720740002878,0.1,0.06,0.003,1.5873015873015874
317,369.48874288863027,3.8915155043896577,596.780706292362,29.83903531461811,0.1,0.06,0.003,1.5873015873015874
318,369.34684011158254,3.7914192389259638,597.0111815709442,29.850559078547224,0.1,0.06,0.003,1.5873015873015874
319,369.2086406909963,3.693845884703323,597.2357270707623,29.861786353538125,0.1,0.06,0.003,1.5873015873015874
320,369.0740485254595,3.5987345300247005,597.4544923281103,29.872724616405524,0.1,0.06,0.003,1.5873015873015874
321,368.9429699776542,3.506025592993015,597.6676232660503,29.883381163302527,0.1,0.06,0.003,1.5873015873015874
322,368.81531381084545,3.415660794663466,597.8752622804677,29.893763114023397,0.1,0.06,0.003,1.5873015873015874
323,368.69099113237974,3.3275831484075047,598.0775483040122,29.90387741520062,0.1,0.06,0.003,1.5873015873015874
324,368.5699153334764,3.2417369345471445,598.2746168875967,29.913730844379845,0.1,0.06,0.003,1.5873015873015874
325,368.45200203173647,3.158067679036168,598.4666002754547,29.923330013772745,0.1,0.06,0.003,1.5873015873015874
326,368.3371690160261,3.0765221280439445,598.653627481838,29.932681374091914,0.1,0.06,0.003,1.5873015873015874
327,368.2253361917453,2.9970482269215113,598.8358243631744,29.941791218158734,0.1,0.06,0.003,1.5873015873015874
328,368.11642552668053,2.919595102586484,599.0133136864124,29.95066568432063,0.1,0.06,0.003,1.5873015873015874
329,368.0103609993971,2.84411304050314,599.186215200095,29.95931076000476,0.1,0.06,0.003,1.5873015873015874
330,367.9070685484572,2.770553463554678,599.3546457028459,29.967732285142304,0.1,0.06,0.003,1.5873015873015874
331,367.80647602268584,2.698868905839205,599.5187191156905,29.975935955784532,0.1,0.06,0.003,1.5873015873015874
332,367.7085131329171,2.629012995376238,599.6785465444826,29.98392732722414,0.1,0.06,0.003,1.5873015873015874
333,367.6131114048136,2.5609404343522004,599.8342363436517,29.991711817182594,0.1,0.06,0.003,1.5873015873015874
334,367.520204132749,2.49460697744673,599.985894180766,29.99929470903831,0.1,0.06,0.003,1.5873015873015874
335,367.42972633489626,2.4299694109662817,600.1336230991786,30.00668115495894,0.1,0.06,0.003,1.5873015873015874
336,367.34161470975977,2.366985528532146,600.2775235825793,30.01387617912897,0.1,0.06,0.003,1.5873015873015874
337,367.25580759296537,2.3056141153227125,600.4176936111544,30.020884680557725,0.1,0.06,0.003,1.5873015873015874
338,367.17224491557414,2.245814927515755,600.554228720867,30.027711436043354,0.1,0.06,0.003,1.5873015873015874
339,367.09086816337623,2.1875486722917863,600.6872220612687,30.034361103063443,0.1,0.06,0.003,1.5873015873015874
340,367.0116203374326,2.130776987579281,600.8167644523697,30.040838222618497,0.1,0.06,0.003,1.5873015873015874
341,366.93444591603884,2.0754624205998,600.9429444412966,30.04714722206484,0.1,0.06,0.003,1.5873015873015874
342,366.85929081592855,2.021568412334056,601.0658483540357,30.053292417701794,0.1,0.06,0.003,1.5873015873015874
343,366.7861023557806,1.969059277751964,601.1855603490167,30.059278017450843,0.1,0.06,0.003,1.5873015873015874
344,366.71482922031447,1.9179001873882964,601.3021624688546,30.065108123442737,0.1,0.06,0.003,1.5873015873015874
345,366.64542142556826,1.868057147759865,601.4157346920684,30.070786734603434,0.1,0.06,0.003,1.5873015873015874
346,366.57783028488245,1.8194969827994956,601.52635498316,30.076317749158015,0.1,0.06,0.003,1.5873015873015874
347,366.51200837510703,1.772187318472037,601.6340993394485,30.08170496697244,0.1,0.06,0.003,1.5873015873015874
348,366.44790950431616,1.7260965644366413,601.739041839283,30.086952091964164,0.1,0.06,0.003,1.5873015873015874
349,366.3854886801146,1.6811938969987283,601.8412546884636,30.092062734423187,0.1,0.06,0.003,1.5873015873015874
350,366.32470207951843,1.6374492408061112,601.9408082663576,30.097040413317888,0.1,0.06,0.003,1.5873015873015874
351,366.2655070184924,1.5948332530259584,602.0377711699824,30.101888558499134,0.1,0.06,0.003,1.5873015873015874
352,366.2078619222663,1.5533173077559044,602.1322102571216,30.106610512856093,0.1,0.06,0.003,1.5873015873015874
353,366.1517262969469,1.5128734796152465,602.2241906889884,30.111209534449433,0.1,0.06,0.003,1.5873015873015874
354,366.0970607016875,1.4734745279500332,602.3137759717737,30.115688798588696,0.1,0.06,0.003,1.5873015873015874
355,366.0438267224076,1.4350938798035844,602.4010279978941,30.120051399894717,0.1,0.06,0.003,1.5873015873015874
356,365.9919869443339,1.3977056164917399,602.4860070849278,30.124300354246405,0.1,0.06,0.003,1.5873015873015874
357,365.9415049262069,1.3612844586738617,602.5687720143992,30.12843860071997,0.1,0.06,0.003,1.5873015873015874
358,365.8923451751999,1.3258057515836417,602.6493800697299,30.132469003486506,0.1,0.06,0.003,1.5873015873015874
359,365.8444731222947,1.29124545084791,602.7278870731974,30.136394353659885,0.1,0.06,0.003,1.5873015873015874
360,365.79785509915985,1.2575801072115569,602.8043474225034,30.14021737112518,0.1,0.06,0.003,1.5873015873015874
361,365.75245831571164,1.224786851408156,602.8788141265525,30.143940706327637,0.1,0.06,0.003,1.5873015873015874
362,365.7082508352604,1.192843383935629,602.9513388388608,30.147566941943055,0.1,0.06,0.003,1.5873015873015874
363,365.6652015532039,1.1617279604944646,603.0219718917158,30.1510985945858,0.1,0.06,0.003,1.5873015873015874
364,365.6232801754152,1.1314193790149545,603.0907623291141,30.154538116455715,0.1,0.06,0.003,1.5873015873015874
365,365.5824571972086,1.1018969669413243,603.1577579389048,30.157887896945248,0.1,0.06,0.003,1.5873015873015874
