S,I,R,D
60461826,0,0,0
60461826,0,0,0
60461826,0,0,0
60461826,0,0,0
60461826,0,0,0
60461826,0,0,0
60461826,0,0,0
60461826,0,0,0
60461826,0,0,0
60461824,2,0,0
60461824,2,0,0
60461824,2,0,0
60461824,2,0,0
60461824,2,0,0
60461824,2,0,0
60461824,2,0,0
60461823,3,0,0
60461823,3,0,0
60461823,3,0,0
60461823,3,0,0
60461823,3,0,0
60461823,3,0,0
60461823,3,0,0
60461823,3,0,0
60461823,3,0,0
60461823,3,0,0
60461823,3,0,0
60461823,3,0,0
60461823,3,0,0
60461823,3,0,0
60461806,19,0,1
60461764,59,1,2
60461671,150,2,3
60461597,221,1,7
60461504,311,1,10
60461373,438,3,12
60461171,593,45,17
60460938,821,46,21
60460698,1053,46,29
60460132,1577,83,34
60459790,1835,149,52
60459324,2263,160,79
60458737,2706,276,107
60457968,3296,414,148
60457190,3916,523,197
60455943,5061,589,233
60454451,6387,622,366
60452654,7985,724,463
60451677,8794,724,631
60449364,10590,1045,827
60446713,13052,1045,1016
60444166,14955,1439,1266
60440669,17750,1966,1441
60437079,20603,2335,1809
60433846,23073,2749,2158
60430320,26062,2941,2503
60426113,28710,4025,2978
60420791,33190,4440,3405
60414805,38549,4440,4032
60408248,42681,6072,4825
60402688,46638,7024,5476
60397899,50826,7024,6077
60392650,54030,8326,6820
60387440,57521,9362,7503
60381237,62013,10361,8215
60375328,66414,10950,9134
60369354,70065,12384,10023
60364137,73880,13030,10779
60360087,75528,14620,11591
60356034,77635,15729,12428
60351252,80572,16847,13155
60346584,83049,18278,13915
60341999,85388,19758,14681
60337194,88274,20996,15362
60332878,91246,21815,15887
60329279,93187,22837,16523
60326240,94067,24392,17127
60322404,95262,26491,17669
60318200,96877,28470,18279
60314249,98273,30455,18849
60309555,100269,32534,19468
60305463,102253,34211,19899
60302310,103616,35435,20465
60299338,104291,37130,21067
60296671,105418,38092,21645
60292885,106607,40164,22170
60289392,106962,42727,22745
60285901,107771,44927,23227
60282854,108257,47055,23660
60280598,108237,48877,24114
60277869,107709,51600,24648
60274499,107699,54543,25085
60271853,106848,57576,25549
60268832,106527,60498,25969
60266475,105847,63120,26384
60264151,106103,64928,26644
60262412,105813,66624,26977
60260321,105205,68941,27359
60258235,104657,71252,27682
60256363,101551,75945,27967
60254398,100943,78249,28236
60252498,100704,79914,28710
60251109,100179,81654,28884
60249888,99980,82879,29079
60248813,98467,85231,29315
60247369,91528,93245,29684
60245968,89624,96276,29958
60244641,87961,99023,30201
60243558,84842,103031,30395
60242756,83324,105186,30560
60242012,82488,106587,30739
60240610,81266,109039,30911
60239722,78457,112541,31106
60238730,76440,115288,31368
60237941,72070,120205,31610
60237066,70187,122810,31763
60236391,68351,125176,31908
60235940,66553,127326,32007
60235127,65129,129401,32169
60234462,62752,132282,32330
60233820,60960,134560,32486
60233168,59322,136720,32616
60232499,57752,138840,32735
60231968,56594,140479,32785
60231668,55300,141981,32877
60231271,52942,144658,32955
60230687,50966,147101,33072
60230094,47986,150604,33142
60229578,46175,152844,33229
60229162,43691,155633,33340
60228829,42075,157507,33415
60228629,41367,158355,33475
60228311,39893,160092,33530
60227990,39297,160938,33601
60227813,38429,161895,33689
60227295,36976,163781,33774
60227025,35877,165078,33846
60226828,35262,165837,33899
60226548,34730,166584,33964
60226265,32872,168646,34043
60226063,31710,169939,34114
60225684,30637,171338,34167
60225521,28997,173085,34223
60225175,27485,174865,34301
60224837,26274,176370,34345
60224536,25909,177010,34371
60224326,24569,178526,34405
60223998,23925,179455,34448
60223667,23101,180544,34514
60223815,21543,181907,34561
60223551,21212,182453,34610
60223327,20972,182893,34634
60223106,20637,183426,34657
60222993,19573,184585,34675
60222416,18655,186111,34644
60222120,18303,186725,34678
60221865,17638,187615,34708
60221690,16836,188584,34716
60221516,16681,188891,34738
60221390,16496,189196,34744
60221248,15563,190248,34767
60221066,15255,190717,34788
60220865,15060,191083,34818
60220642,14884,191467,34833
60220407,14621,191944,34854
60220215,14642,192108,34861
60220007,14709,192241,34869
60219870,14242,192815,34899
60219677,13595,193640,34914
60219463,13459,193978,34926
60219187,13428,194273,34938
60218999,13303,194579,34945
60218765,13179,194928,34954
60218596,13157,195106,34967
60218482,12919,195441,34984
60218320,12493,196016,34997
60218090,12473,196246,35017
60217859,12456,196483,35028
60217610,12368,196806,35042
60217392,12440,196949,35045
60217202,12404,197162,35058
60217074,12248,197431,35073
60216794,12322,197628,35082
60216488,12404,197842,35092
60216236,12301,198192,35097
60215962,12442,198320,35102
60215708,12565,198446,35107
60215540,12581,198593,35112
60215338,12609,198756,35123
60215050,12616,199031,35129
60214668,12230,199796,35132
60214289,12422,199974,35141
60213994,12457,200229,35146
60213756,12456,200460,35154
60213597,12474,200589,35166
60213407,12482,200766,35171
60213023,12646,200976,35181
60212622,12694,201323,35187
60212070,12924,201642,35190
60211723,12953,201947,35203
60211260,13263,202098,35205
60211001,13368,202248,35209
60210589,13561,202461,35215
60210113,13791,202697,35225
60209591,14081,202923,35231
60209017,14249,203326,35234
60208388,14406,203640,35392
60207911,14733,203786,35396
60207591,14867,203968,35400
60207190,15089,204142,35405
60206548,15360,204506,35412
60205708,16014,204686,35418
60204761,16678,204960,35427
60203690,17503,205203,35430
60202481,18438,205470,35437
60201528,19195,205662,35441
60200652,19714,206015,35445
60199286,20753,206329,35458
60197877,21932,206554,35463
60196417,23035,206902,35472
60194973,23156,208224,35473
60193608,24205,208536,35477
60192612,26078,207653,35483
60191637,26754,207944,35491
60190311,27817,208201,35497
60188914,28915,208490,35507
60187182,30099,209027,35518
60185488,31194,209610,35534
60184192,32078,210015,35541
60183042,32993,210238,35553
60181673,33789,210801,35563
60180243,34734,211272,35577
60178646,35708,211885,35587
60177030,36767,212432,35597
60175529,37503,213191,35603
60174073,38509,213634,35610
60173065,39187,213950,35624
60171836,39712,214645,35633
60170384,40532,215265,35645
60168801,41413,215954,35658
60166894,42457,216807,35668
60165257,43161,217716,35692
60163670,44098,218351,35707
60162320,45079,218703,35724
60160929,45489,219670,35738
60159289,46114,220665,35758
60157503,46780,221762,35781
60155591,47718,222716,35801
60153722,48593,223693,35818
60151956,49618,224417,35835
60150462,50323,225190,35851
60148815,50630,226506,35875
60146965,51263,227704,35894
60144417,52647,228844,35918
60141918,53997,229970,35941
60139075,55566,231217,35968
60136497,57429,231914,35986
60134240,58903,232681,36002
60131563,60134,234099,36030
60127886,62576,235303,36061
60123428,65952,236363,36083
60118056,70110,237549,36111
60112332,74829,238525,36140
60106876,79075,239709,36166
60102257,82764,240600,36205
60096359,87193,242028,36246
60089027,92445,244065,36289
60080224,99266,245964,36372
60070215,107312,247872,36427
60059290,116935,249127,36474
60047585,126237,251461,36543
60038248,134003,252959,36616
60027377,142739,255005,36705
60012178,155442,257374,36832
59996100,169302,259456,36968
59976957,186002,261808,37059
59957317,203182,264117,37210
59936044,222241,266203,37338
59919037,236684,268626,37479
59897048,255090,271988,37700
59872060,276457,275404,37905
59845231,299191,279282,38122
59814152,325786,283567,38321
59782396,351386,289426,38618
59752491,378129,292380,38826
59730238,396512,296017,39059
59701997,418142,302275,39412
59671449,443235,307378,39764
59636947,472348,312339,40192
59599145,499118,322925,40638
59559336,532536,328891,41063
59526722,558636,335074,41394
59501453,573334,345289,41750
59466363,590110,363023,42330
59433402,613358,372113,42953
59395425,635054,387758,43589
59354523,663926,399238,44139
59317274,688435,411434,44683
59283297,712490,420810,45229
59255945,717784,442364,45733
59223754,733810,457798,46464
59189474,743168,481967,47217
59153298,761671,498987,47870
59116059,777176,520022,48569
59081295,791746,539524,49261
59052958,805947,553098,49823
59030031,796849,584493,50453
59006804,798386,605330,51306
58980952,791697,637149,52028
58951951,795845,661180,52850
58923609,787893,696647,53677
58897294,789308,720861,54363
58876648,795771,734503,54904
58860272,788471,757507,55576
58840925,779945,784595,56361
58820216,761230,823335,57045
58796997,759982,846809,58038
58772887,757702,872385,58852
58751835,754169,896308,59514
58732948,755306,913494,60078
58719269,748819,933132,60606
58704432,737525,958629,61240
58691677,710515,997895,61739
58674679,696527,1027994,62626
58655953,690323,1052163,63387
58636051,684848,1076891,64036
58618114,686031,1093161,64520
58606089,675109,1115617,65011
58591250,663313,1141406,65857
58573682,645706,1175901,66537
58555449,635343,1203814,67220
58540048,627798,1226086,67894
58523743,620166,1249470,68447
58508641,622760,1261626,68799
58497772,613582,1281258,69214
58484456,605955,1301573,69842
58470548,598816,1322067,70395
58452509,593632,1344785,70900
58433472,579886,1377109,71359
58423067,580941,1386198,71620
58414130,581760,1394011,71925
58405549,575221,1408686,72370
58394339,568728,1425730,73029
58378137,564395,1445690,73604
58354660,569896,1463111,74159
58332450,574767,1479988,74621
58320625,577062,1489154,74985
58306380,576214,1503900,75332
58295582,570458,1520106,75680
58280207,569161,1536129,76329
58259881,568712,1556356,76877
58241465,571055,1572015,77291
58223936,570389,1589590,77911
58203960,572842,1606630,78394
58185335,579932,1617804,78755
58172805,575979,1633839,79203
58158563,570040,1653404,79819
58142790,564774,1673936,80326
58125547,561380,1694051,80848
58109403,558068,1713030,81325
58093093,557717,1729216,81800
58080549,553374,1745726,82177
58071724,547059,1760489,82554
58061228,535524,1781917,83157
58047660,523553,1806932,83681
58033605,516568,1827451,84202
58019972,502053,1855127,84674
58006641,498834,1871189,85162
57995013,499278,1882074,85461
57986454,491630,1897861,85881
57975870,482417,1917117,86422
57960679,477969,1936289,86889
57946319,474617,1953509,87381
57932756,467824,1973388,87858
57920043,463352,1990152,88279
57908794,453968,2010548,88516
57900869,447589,2024523,88845
57891218,437765,2043499,89344
57878036,434722,2059248,89820
57864380,430277,2076928,90241
57850167,429118,2091923,90618
57836728,427034,2107061,91003
57825088,427024,2118441,91273
57817119,419604,2133523,91580
57806507,413967,2149350,92002
57793560,410111,2165817,92338
57778423,405019,2185655,92729
57764530,402174,2202077,93045
57751007,401413,2216050,93356
57739947,402783,2225519,93577
57732603,398098,2237290,93835
57722235,393686,2251734,94171
57710169,388864,2268253,94540
57696414,384501,2286024,94887
57680944,382448,2303199,95235
57666030,384623,2315687,95486
57652580,388895,2324633,95718
57642963,387903,2334968,95992
57629664,387948,2347866,96348
57613262,389433,2362465,96666
57593391,396143,2375318,96974
57572903,404664,2387032,97227
57554001,411966,2398352,97507
